{"Cycle_1": {"metrics_victim": {"accuracy": 0.2721875, "f1": 0.22159598745327636, "precision": 0.269323717776482, "recall": 0.2721875}, "agreement_victim": 0.2759375, "metrics_thief": {"accuracy": 0.308, "f1": 0.1483207261983969, "precision": 0.16402293380610042, "recall": 0.16103929315976878}, "agreement_thief": 0.308}, "Cycle_2": {"metrics_victim": {"accuracy": 0.36296875, "f1": 0.31463236099066705, "precision": 0.3547835687637172, "recall": 0.36296875}, "agreement_victim": 0.363125, "metrics_thief": {"accuracy": 0.3486666666666667, "f1": 0.20103513174401563, "precision": 0.21409434462735344, "recall": 0.2164398644632881}, "agreement_thief": 0.3486666666666667}, "Cycle_3": {"metrics_victim": {"accuracy": 0.40296875, "f1": 0.3643573047042896, "precision": 0.42673933116445667, "recall": 0.40296875}, "agreement_victim": 0.3990625, "metrics_thief": {"accuracy": 0.36133333333333334, "f1": 0.2281433978032926, "precision": 0.25923902868275317, "recall": 0.23607975223001956}, "agreement_thief": 0.36133333333333334}, "Cycle_4": {"metrics_victim": {"accuracy": 0.43453125, "f1": 0.40361645450117906, "precision": 0.46865221398072476, "recall": 0.43453125000000004}, "agreement_victim": 0.4215625, "metrics_thief": {"accuracy": 0.36033333333333334, "f1": 0.23481733688699827, "precision": 0.2574378014367409, "recall": 0.24831495625105826}, "agreement_thief": 0.36033333333333334}, "Cycle_5": {"metrics_victim": {"accuracy": 0.45796875, "f1": 0.42752959926612866, "precision": 0.4928224221413061, "recall": 0.45796875000000004}, "agreement_victim": 0.45, "metrics_thief": {"accuracy": 0.374, "f1": 0.2468725850449722, "precision": 0.27265107979386743, "recall": 0.2531568465658052}, "agreement_thief": 0.374}, "Cycle_6": {"metrics_victim": {"accuracy": 0.471875, "f1": 0.4423214409117856, "precision": 0.49312645887814294, "recall": 0.47187500000000004}, "agreement_victim": 0.4675, "metrics_thief": {"accuracy": 0.384, "f1": 0.2635349712149309, "precision": 0.28221704551493915, "recall": 0.28058083251971}, "agreement_thief": 0.384}, "Cycle_7": {"metrics_victim": {"accuracy": 0.47390625, "f1": 0.4451380570278243, "precision": 0.5039682901720935, "recall": 0.47390625}, "agreement_victim": 0.468125, "metrics_thief": {"accuracy": 0.38133333333333336, "f1": 0.25595176446116086, "precision": 0.2844659780563348, "recall": 0.2645086088405309}, "agreement_thief": 0.38133333333333336}, "Cycle_8": {"metrics_victim": {"accuracy": 0.484375, "f1": 0.4561209013133481, "precision": 0.516074750452832, "recall": 0.484375}, "agreement_victim": 0.47859375, "metrics_thief": {"accuracy": 0.39, "f1": 0.2687113996776401, "precision": 0.3029447255959665, "recall": 0.27773738298297257}, "agreement_thief": 0.39}, "Cycle_9": {"metrics_victim": {"accuracy": 0.50265625, "f1": 0.47522791118493635, "precision": 0.5431451381144764, "recall": 0.5026562499999999}, "agreement_victim": 0.4940625, "metrics_thief": {"accuracy": 0.39366666666666666, "f1": 0.26962187925212994, "precision": 0.30156703061009255, "recall": 0.2835198322594878}, "agreement_thief": 0.39366666666666666}, "Cycle_10": {"metrics_victim": {"accuracy": 0.5021875, "f1": 0.4783611129779019, "precision": 0.5491115085498404, "recall": 0.5021875}, "agreement_victim": 0.49890625, "metrics_thief": {"accuracy": 0.393, "f1": 0.2653944384319476, "precision": 0.2971842852346193, "recall": 0.2727250462620973}, "agreement_thief": 0.393}, "Cycle_11": {"metrics_victim": {"accuracy": 0.5084375, "f1": 0.4864679235123076, "precision": 0.5479384042629206, "recall": 0.5084375}, "agreement_victim": 0.50375, "metrics_thief": {"accuracy": 0.3963333333333333, "f1": 0.27398840122840373, "precision": 0.3080520290699346, "recall": 0.2818985317014738}, "agreement_thief": 0.3963333333333333}, "Cycle_12": {"metrics_victim": {"accuracy": 0.514375, "f1": 0.49389792467055554, "precision": 0.5683858462127993, "recall": 0.514375}, "agreement_victim": 0.5075, "metrics_thief": {"accuracy": 0.40166666666666667, "f1": 0.27780294807728095, "precision": 0.3118123347170815, "recall": 0.2804069399838646}, "agreement_thief": 0.40166666666666667}, "Cycle_13": {"metrics_victim": {"accuracy": 0.52078125, "f1": 0.4998950118494597, "precision": 0.570122462424393, "recall": 0.52078125}, "agreement_victim": 0.51703125, "metrics_thief": {"accuracy": 0.40166666666666667, "f1": 0.2816002342963274, "precision": 0.29790782249307857, "recall": 0.29271065537688024}, "agreement_thief": 0.40166666666666667}, "Cycle_14": {"metrics_victim": {"accuracy": 0.5196875, "f1": 0.49890296829045133, "precision": 0.5672099484425722, "recall": 0.5196875}, "agreement_victim": 0.51296875, "metrics_thief": {"accuracy": 0.39666666666666667, "f1": 0.2734463746620449, "precision": 0.2882707260884742, "recall": 0.2890802441423234}, "agreement_thief": 0.39666666666666667}, "Cycle_15": {"metrics_victim": {"accuracy": 0.5103125, "f1": 0.48214547891869414, "precision": 0.5424525212371918, "recall": 0.5103125}, "agreement_victim": 0.50390625, "metrics_thief": {"accuracy": 0.4003333333333333, "f1": 0.27102908912919166, "precision": 0.30276933424827224, "recall": 0.2763310775292731}, "agreement_thief": 0.4003333333333333}, "Cycle_16": {"metrics_victim": {"accuracy": 0.53453125, "f1": 0.5180200590260481, "precision": 0.5785598903929824, "recall": 0.53453125}, "agreement_victim": 0.5275, "metrics_thief": {"accuracy": 0.412, "f1": 0.2888922965052554, "precision": 0.3152794584082104, "recall": 0.29665660694261115}, "agreement_thief": 0.412}, "Cycle_17": {"metrics_victim": {"accuracy": 0.52671875, "f1": 0.508797807629995, "precision": 0.583079753042233, "recall": 0.5267187499999999}, "agreement_victim": 0.5246875, "metrics_thief": {"accuracy": 0.4083333333333333, "f1": 0.27952918636896673, "precision": 0.3007399120943867, "recall": 0.28882534157154927}, "agreement_thief": 0.4083333333333333}, "Cycle_18": {"metrics_victim": {"accuracy": 0.534375, "f1": 0.5163109963170607, "precision": 0.5841087846701395, "recall": 0.534375}, "agreement_victim": 0.52578125, "metrics_thief": {"accuracy": 0.401, "f1": 0.2717049244830861, "precision": 0.29162943701050564, "recall": 0.2873024544647765}, "agreement_thief": 0.401}, "Cycle_19": {"metrics_victim": {"accuracy": 0.53796875, "f1": 0.5186039239975323, "precision": 0.5904236922676301, "recall": 0.53796875}, "agreement_victim": 0.53046875, "metrics_thief": {"accuracy": 0.4066666666666667, "f1": 0.28669903249152895, "precision": 0.30682002873085956, "recall": 0.29806152761343935}, "agreement_thief": 0.4066666666666667}, "Cycle_20": {"metrics_victim": {"accuracy": 0.54515625, "f1": 0.5249346176529517, "precision": 0.5880319086511474, "recall": 0.54515625}, "agreement_victim": 0.54078125, "metrics_thief": {"accuracy": 0.41533333333333333, "f1": 0.29761090367807946, "precision": 0.3304918570113407, "recall": 0.30630692498150247}, "agreement_thief": 0.41533333333333333}}