{"Cycle_1": {"metrics_victim": {"accuracy": 0.9654, "f1": 0.9652776785393945, "precision": 0.9658348686023353, "recall": 0.9654254974158878}, "agreement_victim": 0.9621, "metrics_thief": {"accuracy": 0.953, "f1": 0.9532143804915106, "precision": 0.9531800444895879, "recall": 0.953970011303959}, "agreement_thief": 0.953}, "Cycle_2": {"metrics_victim": {"accuracy": 0.9777, "f1": 0.9779654325928131, "precision": 0.9786270161873786, "recall": 0.9779154223008641}, "agreement_victim": 0.9806, "metrics_thief": {"accuracy": 0.974, "f1": 0.9742423727199359, "precision": 0.9742119037870542, "recall": 0.9747320138593618}, "agreement_thief": 0.974}, "Cycle_3": {"metrics_victim": {"accuracy": 0.9833, "f1": 0.9832320366485539, "precision": 0.9832599053894999, "recall": 0.983337757804913}, "agreement_victim": 0.9781, "metrics_thief": {"accuracy": 0.969, "f1": 0.9694719040030421, "precision": 0.9689423839951055, "recall": 0.9705738255914561}, "agreement_thief": 0.969}, "Cycle_4": {"metrics_victim": {"accuracy": 0.9652, "f1": 0.9651069487476611, "precision": 0.9665875227257541, "recall": 0.9646392129536802}, "agreement_victim": 0.9557, "metrics_thief": {"accuracy": 0.956, "f1": 0.9565022877222912, "precision": 0.9588411841140712, "recall": 0.9568552036051692}, "agreement_thief": 0.956}, "Cycle_5": {"metrics_victim": {"accuracy": 0.9778, "f1": 0.9777267196736329, "precision": 0.9783926624654656, "recall": 0.9776567999818491}, "agreement_victim": 0.9766, "metrics_thief": {"accuracy": 0.966, "f1": 0.9664699081764276, "precision": 0.9661513698858583, "recall": 0.9674164166685488}, "agreement_thief": 0.966}}