{
    "Cycle_1": {"metrics_thief": {"accuracy": 0.6127216627674363, "f1": 0.5270393778653643, "precision": 0.6169228947577821, "recall": 0.5354479013804924}, "agreement_thief": 0.6246227918489133},
    "Cycle_2": {"metrics_thief": {"accuracy": 0.6761753590626480, "f1": 0.6286998635094246 , "precision":  0.6342208779975163, "recall": 0.6359154430224642}, "agreement_thief": 0.7235615230732716},
    "Cycle_3": {"metrics_thief": {"accuracy": 0.7761701990386787, "f1": 0.773548384636696, "precision": 0.7893462719883593, "recall": 0.7760667932624655}, "agreement_thief": 0.7997516048904804},
    "Cycle_4": {"metrics_thief": {"accuracy": 0.7022683348591191, "f1": 0.6286998635094246, "precision": 0.6342208779975163, "recall": 0.6359154430224642}, "agreement_thief": 0.7235615230732716},
    "Cycle_5": {"metrics_thief": {"accuracy": 0.7922557895093751, "f1": 0.7220768484020953, "precision": 0.7329810371583125, "recall": 0.7159538760749122}, "agreement_thief": 0.8205675923100396}
}